,Size,EntryBar,ExitBar,EntryPrice,ExitPrice,SL,TP,PnL,Commission,ReturnPct,EntryTime,ExitTime,Duration,Tag
0,4,4,27,2165.44,2171.49,,,20.73045599999891,3.469544,0.002393330685680348,2024-03-25 09:00:00+00:00,2024-03-26 09:00:00+00:00,1 days 00:00:00,
1,4,27,50,2171.49,2177.67,,,21.240672000001165,3.4793279999999998,0.0024454029261015142,2024-03-26 09:00:00+00:00,2024-03-27 09:00:00+00:00,1 days 00:00:00,
2,4,50,73,2177.67,2198.63,,,80.33896000000014,3.5010400000000006,0.00922304114030144,2024-03-27 09:00:00+00:00,2024-03-28 09:00:00+00:00,1 days 00:00:00,
3,4,73,94,2198.63,2260.33,,,243.23283199999926,3.5671680000000006,0.027657317511359227,2024-03-28 09:00:00+00:00,2024-04-01 08:00:00+00:00,3 days 23:00:00,
4,4,94,117,2260.33,2256.67,,,-18.253599999999416,3.6136,-0.002018908743413477,2024-04-01 08:00:00+00:00,2024-04-02 08:00:00+00:00,1 days 00:00:00,
5,4,117,140,2256.67,2283.75,,,104.68766399999971,3.6323360000000005,0.011597582278312665,2024-04-02 08:00:00+00:00,2024-04-03 08:00:00+00:00,1 days 00:00:00,
6,4,140,163,2283.75,2298.8,,,56.533960000000725,3.6660400000000006,0.006188720306513537,2024-04-03 08:00:00+00:00,2024-04-04 08:00:00+00:00,1 days 00:00:00,
7,4,163,186,2298.8,2278.0,,,-86.86144000000073,3.6614400000000002,-0.009446389420567382,2024-04-04 08:00:00+00:00,2024-04-05 08:00:00+00:00,1 days 00:00:00,
8,4,186,209,2278.0,2342.18,,,253.02385599999934,3.696144,0.027768201931518875,2024-04-05 08:00:00+00:00,2024-04-08 08:00:00+00:00,3 days 00:00:00,
9,4,209,232,2342.18,2344.18,,,4.2509120000000005,3.7490879999999995,0.00045373455498712826,2024-04-08 08:00:00+00:00,2024-04-09 08:00:00+00:00,1 days 00:00:00,
10,4,232,255,2344.18,2356.21,,,44.3596880000008,3.760312,0.004730832103336941,2024-04-09 08:00:00+00:00,2024-04-10 08:00:00+00:00,1 days 00:00:00,
11,4,255,278,2356.21,2342.94,,,-56.83931999999993,3.7593200000000007,-0.0060307994618475904,2024-04-10 08:00:00+00:00,2024-04-11 08:00:00+00:00,1 days 00:00:00,
12,4,278,301,2342.94,2384.11,,,160.89836000000028,3.7816400000000003,0.017168425141062166,2024-04-11 08:00:00+00:00,2024-04-12 08:00:00+00:00,1 days 00:00:00,
13,4,301,324,2384.11,2356.61,,,-113.792576,3.7925760000000004,-0.011932395736773922,2024-04-12 08:00:00+00:00,2024-04-15 08:00:00+00:00,3 days 00:00:00,
14,4,324,347,2356.61,2386.1,,,114.16583199999913,3.794168,0.01211123520650412,2024-04-15 08:00:00+00:00,2024-04-16 08:00:00+00:00,1 days 00:00:00,
15,4,347,370,2386.1,2381.91,,,-20.57440800000022,3.814408,-0.0021556523196848824,2024-04-16 08:00:00+00:00,2024-04-17 08:00:00+00:00,1 days 00:00:00,
16,4,370,393,2381.91,2375.2,,,-30.645688000000145,3.805688,-0.0032165035622672864,2024-04-17 08:00:00+00:00,2024-04-18 08:00:00+00:00,1 days 00:00:00,
17,4,393,416,2375.2,2383.52,,,29.473024000000656,3.8069759999999997,0.0031021623442236534,2024-04-18 08:00:00+00:00,2024-04-19 08:00:00+00:00,1 days 00:00:00,
18,4,416,439,2383.52,2369.72,,,-59.002592000000725,3.8025919999999998,-0.006188598375511896,2024-04-19 08:00:00+00:00,2024-04-22 08:00:00+00:00,3 days 00:00:00,
19,4,439,462,2369.72,2305.47,,,-260.740152,3.740152,-0.027507485272521663,2024-04-22 08:00:00+00:00,2024-04-23 08:00:00+00:00,1 days 00:00:00,
20,4,462,485,2305.47,2326.65,,,81.01430400000116,3.705696,0.00878500956421045,2024-04-23 08:00:00+00:00,2024-04-24 08:00:00+00:00,1 days 00:00:00,
21,4,485,508,2326.65,2315.27,,,-49.233536000000434,3.7135360000000004,-0.005290174284916078,2024-04-24 08:00:00+00:00,2024-04-25 08:00:00+00:00,1 days 00:00:00,
22,4,508,531,2315.27,2335.77,,,78.279168,3.720832,0.00845248804675038,2024-04-25 08:00:00+00:00,2024-04-26 08:00:00+00:00,1 days 00:00:00,
23,4,531,554,2335.77,2332.57,,,-16.534671999999272,3.734672,-0.0017697239026101736,2024-04-26 08:00:00+00:00,2024-04-29 08:00:00+00:00,3 days 00:00:00,
24,4,554,577,2332.57,2326.39,,,-28.447168000001163,3.727168,-0.0030489082857107284,2024-04-29 08:00:00+00:00,2024-04-30 08:00:00+00:00,1 days 00:00:00,
25,4,577,600,2326.39,2283.14,,,-176.687624,3.6876239999999996,-0.01898731768963929,2024-04-30 08:00:00+00:00,2024-05-01 08:00:00+00:00,1 days 00:00:00,
26,4,600,623,2283.14,2318.21,,,136.59892000000065,3.68108,0.014957352593358246,2024-05-01 08:00:00+00:00,2024-05-02 08:00:00+00:00,1 days 00:00:00,
27,4,623,646,2318.21,2307.43,,,-46.820512000000804,3.7005120000000002,-0.005049209519413719,2024-05-02 08:00:00+00:00,2024-05-03 08:00:00+00:00,1 days 00:00:00,
28,4,646,669,2307.43,2309.13,,,3.106752000001091,3.6932480000000005,0.00033660306054802313,2024-05-03 08:00:00+00:00,2024-05-06 08:00:00+00:00,3 days 00:00:00,
29,4,669,692,2309.13,2322.61,,,50.21460800000007,3.7053920000000007,0.0054365289091562055,2024-05-06 08:00:00+00:00,2024-05-07 08:00:00+00:00,1 days 00:00:00,
30,4,692,715,2322.61,2319.25,,,-17.15348800000051,3.7134880000000003,-0.001846359052961999,2024-05-07 08:00:00+00:00,2024-05-08 08:00:00+00:00,1 days 00:00:00,
31,4,715,738,2319.25,2314.49,,,-22.746992000000873,3.706992,-0.002451977147784953,2024-05-08 08:00:00+00:00,2024-05-09 08:00:00+00:00,1 days 00:00:00,
32,4,738,761,2314.49,2353.93,,,154.02526400000022,3.734736,0.016637063024683603,2024-05-09 08:00:00+00:00,2024-05-10 08:00:00+00:00,1 days 00:00:00,
33,4,761,784,2353.93,2354.29,,,-2.3265759999994904,3.7665759999999997,-0.00024709485838579,2024-05-10 08:00:00+00:00,2024-05-13 08:00:00+00:00,3 days 00:00:00,
34,4,784,807,2354.29,2344.06,,,-44.67868000000007,3.75868,-0.004744390028416264,2024-05-13 08:00:00+00:00,2024-05-14 08:00:00+00:00,1 days 00:00:00,
35,4,807,830,2344.06,2357.01,,,48.03914400000109,3.7608560000000004,0.0051234976920387565,2024-05-14 08:00:00+00:00,2024-05-15 08:00:00+00:00,1 days 00:00:00,
36,4,830,853,2357.01,2391.36,,,133.60130399999963,3.7986960000000005,0.014170633981188011,2024-05-15 08:00:00+00:00,2024-05-16 08:00:00+00:00,1 days 00:00:00,
37,4,853,876,2391.36,2378.91,,,-53.61621600000109,3.816216,-0.005605201224407997,2024-05-16 08:00:00+00:00,2024-05-17 08:00:00+00:00,1 days 00:00:00,
38,4,876,899,2378.91,2437.36,,,229.9469840000011,3.853016,0.024165162196132028,2024-05-17 08:00:00+00:00,2024-05-20 08:00:00+00:00,3 days 00:00:00,
39,4,899,922,2437.36,2412.46,,,-103.47985600000037,3.879856,-0.010613928184593209,2024-05-20 08:00:00+00:00,2024-05-21 08:00:00+00:00,1 days 00:00:00,
40,4,922,945,2412.46,2412.88,,,-2.180271999999709,3.860272,-0.00022593866841318094,2024-05-21 08:00:00+00:00,2024-05-22 08:00:00+00:00,1 days 00:00:00,
41,4,945,968,2412.88,2372.82,,,-164.0685599999998,3.8285600000000004,-0.01699924571466465,2024-05-22 08:00:00+00:00,2024-05-23 08:00:00+00:00,1 days 00:00:00,
42,4,968,991,2372.82,2335.04,,,-154.8862880000008,3.7662880000000003,-0.016318798728938697,2024-05-23 08:00:00+00:00,2024-05-24 08:00:00+00:00,1 days 00:00:00,
43,4,991,1014,2335.04,2342.96,,,27.93760000000029,3.7424,0.0029911264903385933,2024-05-24 08:00:00+00:00,2024-05-27 08:00:00+00:00,3 days 00:00:00,
44,4,1014,1035,2342.96,2351.02,,,28.484815999999782,3.755184,0.0030394048553964957,2024-05-27 08:00:00+00:00,2024-05-28 08:00:00+00:00,1 days 00:00:00,
45,4,1035,1058,2351.02,2358.36,,,25.592496000000583,3.767504,0.002721424743303006,2024-05-28 08:00:00+00:00,2024-05-29 08:00:00+00:00,1 days 00:00:00,
46,4,1058,1081,2358.36,2335.26,,,-96.15489599999964,3.7548960000000005,-0.010192983259553213,2024-05-29 08:00:00+00:00,2024-05-30 08:00:00+00:00,1 days 00:00:00,
47,4,1081,1104,2335.26,2344.16,,,31.856463999998546,3.743536,0.003410376574770971,2024-05-30 08:00:00+00:00,2024-05-31 08:00:00+00:00,1 days 00:00:00,
48,4,1104,1127,2344.16,2321.41,,,-94.732456,3.732456,-0.010103027950310515,2024-05-31 08:00:00+00:00,2024-06-03 08:00:00+00:00,3 days 00:00:00,
49,4,1127,1150,2321.41,2349.37,,,108.10337600000014,3.736624,0.011641995166730527,2024-06-03 08:00:00+00:00,2024-06-04 08:00:00+00:00,1 days 00:00:00,
50,4,1150,1173,2349.37,2338.06,,,-48.98994399999978,3.749944,-0.005213093722998028,2024-06-04 08:00:00+00:00,2024-06-05 08:00:00+00:00,1 days 00:00:00,
51,4,1173,1196,2338.06,2369.48,,,121.9139680000003,3.766032,0.013035804042667987,2024-06-05 08:00:00+00:00,2024-06-06 08:00:00+00:00,1 days 00:00:00,
52,4,1196,1219,2369.48,2386.59,,,64.63514400000051,3.8048560000000005,0.006819549437007438,2024-06-06 08:00:00+00:00,2024-06-07 08:00:00+00:00,1 days 00:00:00,
53,4,1219,1242,2386.59,2294.84,,,-370.745144,3.7451440000000007,-0.03883628356776828,2024-06-07 08:00:00+00:00,2024-06-10 08:00:00+00:00,3 days 00:00:00,
54,4,1242,1265,2294.84,2303.6,,,31.361247999999055,3.6787520000000002,0.0034164961391643725,2024-06-10 08:00:00+00:00,2024-06-11 08:00:00+00:00,1 days 00:00:00,
55,4,1265,1288,2303.6,2312.76,,,32.946912000001234,3.6930880000000004,0.0035755895120681497,2024-06-11 08:00:00+00:00,2024-06-12 08:00:00+00:00,1 days 00:00:00,
56,4,1288,1311,2312.76,2311.88,,,-7.219712000000437,3.6997120000000008,-0.0007804216606997908,2024-06-12 08:00:00+00:00,2024-06-13 08:00:00+00:00,1 days 00:00:00,
57,4,1311,1334,2311.88,2305.94,,,-27.454256000000218,3.694256,-0.0029688236413654575,2024-06-13 08:00:00+00:00,2024-06-14 08:00:00+00:00,1 days 00:00:00,
58,4,1334,1357,2305.94,2323.68,,,67.25630399999913,3.703696,0.007291636382559768,2024-06-14 08:00:00+00:00,2024-06-17 08:00:00+00:00,3 days 00:00:00,
59,4,1357,1380,2323.68,2322.63,,,-7.917047999998909,3.717048,-0.0008517790745712921,2024-06-17 08:00:00+00:00,2024-06-18 08:00:00+00:00,1 days 00:00:00,
60,4,1380,1403,2322.63,2328.03,,,17.879472000000362,3.7205280000000007,0.0019244856046810193,2024-06-18 08:00:00+00:00,2024-06-19 08:00:00+00:00,1 days 00:00:00,
61,4,1403,1424,2328.03,2340.48,,,46.06519199999927,3.734808,0.004946799654643479,2024-06-19 08:00:00+00:00,2024-06-20 08:00:00+00:00,1 days 00:00:00,
62,4,1424,1447,2340.48,2362.95,,,86.1172559999992,3.762744,0.00919867463084484,2024-06-20 08:00:00+00:00,2024-06-21 08:00:00+00:00,1 days 00:00:00,
63,4,1447,1470,2362.95,2324.48,,,-157.6299439999992,3.749944,-0.016677240737213966,2024-06-21 08:00:00+00:00,2024-06-24 08:00:00+00:00,3 days 00:00:00,
64,4,1470,1493,2324.48,2327.47,,,8.238439999999127,3.72156,0.0008860519341959111,2024-06-24 08:00:00+00:00,2024-06-25 08:00:00+00:00,1 days 00:00:00,
65,4,1493,1516,2327.47,2316.82,,,-46.315431999998545,3.715432,-0.004974868849007552,2024-06-25 08:00:00+00:00,2024-06-26 08:00:00+00:00,1 days 00:00:00,
66,4,1516,1539,2316.82,2300.51,,,-68.93386399999979,3.6938640000000005,-0.00743841386037755,2024-06-26 08:00:00+00:00,2024-06-27 08:00:00+00:00,1 days 00:00:00,
67,4,1539,1562,2300.51,2321.25,,,79.26259199999913,3.6974080000000002,0.008613589160664252,2024-06-27 08:00:00+00:00,2024-06-28 08:00:00+00:00,1 days 00:00:00,
68,4,1562,1585,2321.25,2323.67,,,5.964064000000291,3.715936,0.0006423332256328669,2024-06-28 08:00:00+00:00,2024-07-01 08:00:00+00:00,3 days 00:00:00,
69,4,1585,1608,2323.67,2327.29,,,10.759231999999564,3.7207680000000005,0.00115756884583435,2024-07-01 08:00:00+00:00,2024-07-02 08:00:00+00:00,1 days 00:00:00,
70,4,1608,1631,2327.29,2334.49,,,25.07057599999927,3.729424,0.002693108293336805,2024-07-02 08:00:00+00:00,2024-07-03 08:00:00+00:00,1 days 00:00:00,
71,4,1631,1654,2334.49,2358.57,,,92.56555200000153,3.754448,0.009912823785923421,2024-07-03 08:00:00+00:00,2024-07-04 08:00:00+00:00,1 days 00:00:00,
72,4,1654,1675,2358.57,2364.0,,,17.941943999999346,3.7780560000000003,0.0019017820119818518,2024-07-04 08:00:00+00:00,2024-07-05 08:00:00+00:00,1 days 00:00:00,
73,4,1675,1698,2364.0,2385.04,,,80.36076799999985,3.799232,0.008498389170896736,2024-07-05 08:00:00+00:00,2024-07-08 08:00:00+00:00,3 days 00:00:00,
74,4,1698,1721,2385.04,2367.3,,,-74.76187199999913,3.8018720000000004,-0.007836542783349477,2024-07-08 08:00:00+00:00,2024-07-09 08:00:00+00:00,1 days 00:00:00,
75,4,1721,1744,2367.3,2367.78,,,-1.8680639999999276,3.7880640000000003,-0.0001972779115446852,2024-07-09 08:00:00+00:00,2024-07-10 08:00:00+00:00,1 days 00:00:00,
76,4,1744,1767,2367.78,2382.01,,,53.12016800000007,3.7998320000000003,0.005608646918210236,2024-07-10 08:00:00+00:00,2024-07-11 08:00:00+00:00,1 days 00:00:00,
77,4,1767,1790,2382.01,2408.66,,,102.76746399999854,3.832536,0.010785792670895532,2024-07-11 08:00:00+00:00,2024-07-12 08:00:00+00:00,1 days 00:00:00,
78,4,1790,1813,2408.66,2411.46,,,7.343904000000728,3.856096,0.0007622395854957315,2024-07-12 08:00:00+00:00,2024-07-15 08:00:00+00:00,3 days 00:00:00,
79,4,1813,1836,2411.46,2429.35,,,67.68735199999949,3.8726480000000003,0.007017258424357034,2024-07-15 08:00:00+00:00,2024-07-16 08:00:00+00:00,1 days 00:00:00,
80,4,1836,1859,2429.35,2467.83,,,150.00225600000007,3.917744,0.015436459958425039,2024-07-16 08:00:00+00:00,2024-07-17 08:00:00+00:00,1 days 00:00:00,
81,4,1859,1882,2467.83,2465.16,,,-14.62639200000029,3.946392,-0.001481705790107152,2024-07-17 08:00:00+00:00,2024-07-18 08:00:00+00:00,1 days 00:00:00,
82,4,1882,1905,2465.16,2425.41,,,-162.912456,3.9124559999999997,-0.016521489071703314,2024-07-18 08:00:00+00:00,2024-07-19 08:00:00+00:00,1 days 00:00:00,
83,4,1905,1928,2425.41,2405.49,,,-83.5447200000003,3.86472,-0.008611401783615986,2024-07-19 08:00:00+00:00,2024-07-22 08:00:00+00:00,3 days 00:00:00,
84,4,1928,1951,2405.49,2396.41,,,-40.16151999999971,3.84152,-0.004173943770292101,2024-07-22 08:00:00+00:00,2024-07-23 08:00:00+00:00,1 days 00:00:00,
85,4,1951,1974,2396.41,2417.75,,,81.50867200000059,3.851328,0.008503206045710194,2024-07-23 08:00:00+00:00,2024-07-24 08:00:00+00:00,1 days 00:00:00,
86,4,1974,1997,2417.75,2377.53,,,-164.7162239999992,3.8362240000000005,-0.017031974356322976,2024-07-24 08:00:00+00:00,2024-07-25 08:00:00+00:00,1 days 00:00:00,
87,4,1997,2020,2377.53,2369.74,,,-34.95781600000167,3.797816,-0.003675854353047281,2024-07-25 08:00:00+00:00,2024-07-26 08:00:00+00:00,1 days 00:00:00,
88,4,2020,2043,2369.74,2394.79,,,96.38837600000073,3.811624,0.010168665760800878,2024-07-26 08:00:00+00:00,2024-07-29 08:00:00+00:00,3 days 00:00:00,
89,4,2043,2066,2394.79,2386.26,,,-37.94483999999898,3.82484,-0.003961186575858271,2024-07-29 08:00:00+00:00,2024-07-30 08:00:00+00:00,1 days 00:00:00,
90,4,2066,2089,2386.26,2421.09,,,135.47411999999971,3.84588,0.0141931432450781,2024-07-30 08:00:00+00:00,2024-07-31 08:00:00+00:00,1 days 00:00:00,
91,4,2089,2112,2421.09,2444.14,,,88.30781599999891,3.8921840000000003,0.009118601125939046,2024-07-31 08:00:00+00:00,2024-08-01 08:00:00+00:00,1 days 00:00:00,
92,4,2112,2135,2444.14,2457.78,,,50.638464000001306,3.921536,0.005179578911191716,2024-08-01 08:00:00+00:00,2024-08-02 08:00:00+00:00,1 days 00:00:00,
93,4,2135,2158,2457.78,2452.55,,,-24.84826400000007,3.9282640000000004,-0.002527511005867138,2024-08-02 08:00:00+00:00,2024-08-05 08:00:00+00:00,3 days 00:00:00,
94,4,2158,2181,2452.55,2407.95,,,-182.28840000000145,3.8884,-0.018581517196387544,2024-08-05 08:00:00+00:00,2024-08-06 08:00:00+00:00,1 days 00:00:00,
95,4,2181,2204,2407.95,2392.68,,,-64.92050399999992,3.840504,-0.006740225503021261,2024-08-06 08:00:00+00:00,2024-08-07 08:00:00+00:00,1 days 00:00:00,
96,4,2204,2227,2392.68,2394.28,,,2.570432000001455,3.829568,0.00026857247939573065,2024-08-07 08:00:00+00:00,2024-08-08 08:00:00+00:00,1 days 00:00:00,
97,4,2227,2250,2394.28,2423.77,,,114.10555999999913,3.8544400000000003,0.011914391800457759,2024-08-08 08:00:00+00:00,2024-08-09 08:00:00+00:00,1 days 00:00:00,
98,4,2250,2273,2423.77,2433.26,,,34.074376000000946,3.8856240000000004,0.0035146049336365597,2024-08-09 08:00:00+00:00,2024-08-12 08:00:00+00:00,3 days 00:00:00,
99,4,2273,2296,2433.26,2461.9,,,110.64387199999949,3.9161280000000005,0.01136786368904261,2024-08-12 08:00:00+00:00,2024-08-13 08:00:00+00:00,1 days 00:00:00,
100,4,2296,2319,2461.9,2461.78,,,-4.418943999999564,3.9389440000000002,-0.0004487330923269983,2024-08-13 08:00:00+00:00,2024-08-14 08:00:00+00:00,1 days 00:00:00,
101,4,2319,2342,2461.78,2453.29,,,-37.89205600000095,3.932056,-0.0038480343491295735,2024-08-14 08:00:00+00:00,2024-08-15 08:00:00+00:00,1 days 00:00:00,
102,4,2342,2365,2453.29,2452.62,,,-6.604728000000291,3.924728,-0.0006730480293810012,2024-08-15 08:00:00+00:00,2024-08-16 08:00:00+00:00,1 days 00:00:00,
103,4,2365,2388,2452.62,2500.56,,,187.7974560000002,3.9625440000000003,0.01914253492183861,2024-08-16 08:00:00+00:00,2024-08-19 08:00:00+00:00,3 days 00:00:00,
104,4,2388,2411,2500.56,2500.72,,,-3.361024000000582,4.001024,-0.00033602712992299996,2024-08-19 08:00:00+00:00,2024-08-20 08:00:00+00:00,1 days 00:00:00,
105,4,2411,2434,2500.72,2516.06,,,57.34657600000058,4.0134240000000005,0.0057330064941297195,2024-08-20 08:00:00+00:00,2024-08-21 08:00:00+00:00,1 days 00:00:00,
106,4,2434,2457,2516.06,2501.83,,,-60.93431200000008,4.014312,-0.006054536855241884,2024-08-21 08:00:00+00:00,2024-08-22 08:00:00+00:00,1 days 00:00:00,
107,4,2457,2480,2501.83,2493.33,,,-37.996128,3.9961279999999997,-0.0037968335178648845,2024-08-22 08:00:00+00:00,2024-08-23 08:00:00+00:00,1 days 00:00:00,
108,4,2480,2503,2493.33,2509.47,,,60.55775999999949,4.00224,0.006071976032053508,2024-08-23 08:00:00+00:00,2024-08-26 08:00:00+00:00,3 days 00:00:00,
109,4,2503,2526,2509.47,2507.24,,,-12.933368000000073,4.013368,-0.0012884561281864188,2024-08-26 08:00:00+00:00,2024-08-27 08:00:00+00:00,1 days 00:00:00,
110,4,2526,2549,2507.24,2511.44,,,12.785056000001092,4.014944,0.001274813739410803,2024-08-27 08:00:00+00:00,2024-08-28 08:00:00+00:00,1 days 00:00:00,
111,4,2549,2572,2511.44,2515.78,,,13.338224000000581,4.021776000000001,0.001327746631414615,2024-08-28 08:00:00+00:00,2024-08-29 08:00:00+00:00,1 days 00:00:00,
112,4,2572,2595,2515.78,2513.28,,,-14.023248,4.023248000000001,-0.001393528845924495,2024-08-29 08:00:00+00:00,2024-08-30 08:00:00+00:00,1 days 00:00:00,
113,4,2595,2618,2513.28,2496.83,,,-69.80808800000109,4.008088000000001,-0.006943922682709601,2024-08-30 08:00:00+00:00,2024-09-02 08:00:00+00:00,3 days 00:00:00,
114,4,2618,2639,2496.83,2495.85,,,-7.914144000000073,3.9941440000000004,-0.0007924191875297592,2024-09-02 08:00:00+00:00,2024-09-03 08:00:00+00:00,1 days 00:00:00,
115,4,2639,2662,2495.85,2495.76,,,-4.353287999998763,3.993288,-0.00043605264739451525,2024-09-03 08:00:00+00:00,2024-09-04 08:00:00+00:00,1 days 00:00:00,
116,4,2662,2685,2495.76,2494.15,,,-10.43192800000051,3.9919280000000006,-0.001044965060743016,2024-09-04 08:00:00+00:00,2024-09-05 08:00:00+00:00,1 days 00:00:00,
117,4,2685,2708,2494.15,2518.31,,,92.63003199999942,4.009968000000001,0.009284729466952541,2024-09-05 08:00:00+00:00,2024-09-06 08:00:00+00:00,1 days 00:00:00,
118,4,2708,2731,2518.31,2498.12,,,-84.77314400000022,4.0131440000000005,-0.008415677974514667,2024-09-06 08:00:00+00:00,2024-09-09 08:00:00+00:00,3 days 00:00:00,
119,4,2731,2754,2498.12,2501.71,,,10.360136000000582,3.9998640000000005,0.0010367932685379168,2024-09-09 08:00:00+00:00,2024-09-10 08:00:00+00:00,1 days 00:00:00,
120,4,2754,2777,2501.71,2519.5,,,67.14303199999985,4.016968,0.006709713755791029,2024-09-10 08:00:00+00:00,2024-09-11 08:00:00+00:00,1 days 00:00:00,
121,4,2777,2800,2519.5,2516.92,,,-14.34913599999971,4.029136,-0.0014238078983924772,2024-09-11 08:00:00+00:00,2024-09-12 08:00:00+00:00,1 days 00:00:00,
122,4,2800,2823,2516.92,2568.71,,,203.09149599999986,4.068504000000001,0.020172621299048104,2024-09-12 08:00:00+00:00,2024-09-13 08:00:00+00:00,1 days 00:00:00,
123,4,2823,2846,2568.71,2585.7,,,63.83647199999913,4.123528,0.006212892074231812,2024-09-13 08:00:00+00:00,2024-09-16 08:00:00+00:00,3 days 00:00:00,
124,4,2846,2869,2585.7,2576.81,,,-39.690007999999494,4.130008,-0.003837452914104477,2024-09-16 08:00:00+00:00,2024-09-17 08:00:00+00:00,1 days 00:00:00,
125,4,2869,2892,2576.81,2568.55,,,-37.15628799999905,4.116288000000001,-0.003604872691428483,2024-09-17 08:00:00+00:00,2024-09-18 08:00:00+00:00,1 days 00:00:00,
126,4,2892,2915,2568.55,2563.95,,,-22.506000000001457,4.106,-0.002190535516147409,2024-09-18 08:00:00+00:00,2024-09-19 08:00:00+00:00,1 days 00:00:00,
127,4,2915,2938,2563.95,2593.66,,,114.71391200000015,4.126087999999999,0.011185271943680585,2024-09-19 08:00:00+00:00,2024-09-20 08:00:00+00:00,1 days 00:00:00,
128,4,2938,2961,2593.66,2629.3,,,138.3816320000013,4.178368000000001,0.013338451454701233,2024-09-20 08:00:00+00:00,2024-09-23 08:00:00+00:00,3 days 00:00:00,
129,4,2961,2984,2629.3,2638.01,,,30.626152000000147,4.2138480000000005,0.0029120062374015376,2024-09-23 08:00:00+00:00,2024-09-24 08:00:00+00:00,1 days 00:00:00,
130,4,2984,3007,2638.01,2658.84,,,79.0825199999997,4.23748,0.007494524281560657,2024-09-24 08:00:00+00:00,2024-09-25 08:00:00+00:00,1 days 00:00:00,
131,4,3007,3030,2658.84,2660.59,,,2.7444559999999996,4.255544,0.00025805012712317837,2024-09-25 08:00:00+00:00,2024-09-26 08:00:00+00:00,1 days 00:00:00,
132,4,3030,3053,2660.59,2670.38,,,34.89522399999986,4.264776,0.0032788990411901616,2024-09-26 08:00:00+00:00,2024-09-27 08:00:00+00:00,1 days 00:00:00,
133,4,3053,3076,2670.38,2655.77,,,-62.70092000000051,4.2609200000000005,-0.005870037223166765,2024-09-27 08:00:00+00:00,2024-09-30 08:00:00+00:00,3 days 00:00:00,
134,4,3076,3099,2655.77,2639.53,,,-69.19623999999912,4.2362400000000004,-0.006513764369655473,2024-09-30 08:00:00+00:00,2024-10-01 08:00:00+00:00,1 days 00:00:00,
135,4,3099,3122,2639.53,2654.06,,,53.88512799999898,4.234872000000001,0.005103666940705256,2024-10-01 08:00:00+00:00,2024-10-02 08:00:00+00:00,1 days 00:00:00,
136,4,3122,3145,2654.06,2654.9,,,-0.8871679999994182,4.247168,-8.356706329154778e-05,2024-10-02 08:00:00+00:00,2024-10-03 08:00:00+00:00,1 days 00:00:00,
137,4,3145,3168,2654.9,2663.99,,,32.104887999998766,4.2551120000000004,0.003023173000866118,2024-10-03 08:00:00+00:00,2024-10-04 08:00:00+00:00,1 days 00:00:00,
138,4,3168,3191,2663.99,2646.66,,,-73.56851999999971,4.24852,-0.006903978618538335,2024-10-04 08:00:00+00:00,2024-10-07 08:00:00+00:00,3 days 00:00:00,
139,4,3191,3214,2646.66,2643.05,,,-18.671767999998693,4.231768000000001,-0.0017637104879356107,2024-10-07 08:00:00+00:00,2024-10-08 08:00:00+00:00,1 days 00:00:00,
140,4,3214,3237,2643.05,2615.96,,,-112.56720800000058,4.207208,-0.010647472427687717,2024-10-08 08:00:00+00:00,2024-10-09 08:00:00+00:00,1 days 00:00:00,
141,4,3237,3260,2615.96,2613.93,,,-12.3039120000008,4.183911999999999,-0.001175850548173596,2024-10-09 08:00:00+00:00,2024-10-10 08:00:00+00:00,1 days 00:00:00,
142,4,3260,3283,2613.93,2645.52,,,122.15244000000058,4.20756,0.011682833893792256,2024-10-10 08:00:00+00:00,2024-10-11 08:00:00+00:00,1 days 00:00:00,
143,4,3283,3306,2645.52,2659.23,,,50.596200000000145,4.2438,0.004781309534609528,2024-10-11 08:00:00+00:00,2024-10-14 08:00:00+00:00,3 days 00:00:00,
144,4,3306,3329,2659.23,2644.35,,,-63.762864000000434,4.242864000000001,-0.0059944856217778114,2024-10-14 08:00:00+00:00,2024-10-15 08:00:00+00:00,1 days 00:00:00,
145,4,3329,3352,2644.35,2666.77,,,85.43110400000029,4.248896,0.008076758371622483,2024-10-15 08:00:00+00:00,2024-10-16 08:00:00+00:00,1 days 00:00:00,
146,4,3352,3375,2666.77,2679.08,,,44.96331999999978,4.27668,0.004215147913018377,2024-10-16 08:00:00+00:00,2024-10-17 08:00:00+00:00,1 days 00:00:00,
147,4,3375,3398,2679.08,2710.18,,,120.08859199999964,4.311408,0.011206140914045136,2024-10-17 08:00:00+00:00,2024-10-18 08:00:00+00:00,1 days 00:00:00,
148,4,3398,3421,2710.18,2730.37,,,76.40756000000022,4.35244,0.007048199750570198,2024-10-18 08:00:00+00:00,2024-10-21 08:00:00+00:00,3 days 00:00:00,
149,4,3421,3444,2730.37,2734.7,,,12.947943999999708,4.372056000000001,0.001185548478777499,2024-10-21 08:00:00+00:00,2024-10-22 08:00:00+00:00,1 days 00:00:00,
150,4,3444,3467,2734.7,2749.99,,,56.772247999999855,4.387752,0.005189988664204504,2024-10-22 08:00:00+00:00,2024-10-23 08:00:00+00:00,1 days 00:00:00,
151,4,3467,3490,2749.99,2726.49,,,-98.381184,4.381183999999999,-0.008943776522823734,2024-10-23 08:00:00+00:00,2024-10-24 08:00:00+00:00,1 days 00:00:00,
152,4,3490,3513,2726.49,2726.06,,,-6.0820399999993455,4.36204,-0.0005576803876044803,2024-10-24 08:00:00+00:00,2024-10-25 08:00:00+00:00,1 days 00:00:00,
153,4,3513,3538,2726.06,2740.72,,,54.26657599999942,4.373424,0.004976649083292418,2024-10-25 08:00:00+00:00,2024-10-28 09:00:00+00:00,3 days 01:00:00,
154,4,3538,3561,2740.72,2755.69,,,55.48287200000102,4.397128,0.00506097594792614,2024-10-28 09:00:00+00:00,2024-10-29 09:00:00+00:00,1 days 00:00:00,
155,4,3561,3584,2755.69,2787.07,,,121.08579200000044,4.434208,0.01098507016391538,2024-10-29 09:00:00+00:00,2024-10-30 09:00:00+00:00,1 days 00:00:00,
156,4,3584,3607,2787.07,2779.77,,,-33.653472000000725,4.4534720000000005,-0.0030187142770006863,2024-10-30 09:00:00+00:00,2024-10-31 09:00:00+00:00,1 days 00:00:00,
157,4,3607,3630,2779.77,2752.02,,,-115.425432,4.425432000000001,-0.010380843738870476,2024-10-31 09:00:00+00:00,2024-11-01 09:00:00+00:00,1 days 00:00:00,
158,4,3630,3652,2752.02,2741.55,,,-46.274855999999204,4.394856000000001,-0.0042037172694964955,2024-11-01 09:00:00+00:00,2024-11-04 09:00:00+00:00,3 days 00:00:00,
159,4,3652,3675,2741.55,2737.82,,,-19.303496000000074,4.383496000000001,-0.0017602721088435169,2024-11-04 09:00:00+00:00,2024-11-05 09:00:00+00:00,1 days 00:00:00,
160,4,3675,3698,2737.82,2707.01,,,-127.59586399999978,4.355864,-0.011651228349562809,2024-11-05 09:00:00+00:00,2024-11-06 09:00:00+00:00,1 days 00:00:00,
161,4,3698,3721,2707.01,2657.08,,,-204.01127200000116,4.291272,-0.018841015733226097,2024-11-06 09:00:00+00:00,2024-11-07 09:00:00+00:00,1 days 00:00:00,
162,4,3721,3744,2657.08,2686.14,,,111.96542399999979,4.274576,0.01053463049663535,2024-11-07 09:00:00+00:00,2024-11-08 09:00:00+00:00,1 days 00:00:00,
163,4,3744,3767,2686.14,2673.27,,,-55.767527999999565,4.287528,-0.005190303558265708,2024-11-08 09:00:00+00:00,2024-11-11 09:00:00+00:00,3 days 00:00:00,
164,4,3767,3790,2673.27,2607.91,,,-265.6649440000005,4.224944000000001,-0.0248445671406181,2024-11-11 09:00:00+00:00,2024-11-12 09:00:00+00:00,1 days 00:00:00,
165,4,3790,3813,2607.91,2605.34,,,-14.450599999998836,4.1706,-0.0013852663627194248,2024-11-12 09:00:00+00:00,2024-11-13 09:00:00+00:00,1 days 00:00:00,
166,4,3813,3836,2605.34,2555.07,,,-205.20832799999994,4.128328000000001,-0.01969112745361448,2024-11-13 09:00:00+00:00,2024-11-14 09:00:00+00:00,1 days 00:00:00,
167,4,3836,3859,2555.07,2561.33,,,20.946879999999055,4.093120000000001,0.0020495407170840452,2024-11-14 09:00:00+00:00,2024-11-15 09:00:00+00:00,1 days 00:00:00,
168,4,3859,3882,2561.33,2586.0,,,94.5621360000003,4.117864,0.009229788430229726,2024-11-15 09:00:00+00:00,2024-11-18 09:00:00+00:00,3 days 00:00:00,
169,4,3882,3905,2586.0,2625.12,,,152.31110399999957,4.168896,0.014724584686774936,2024-11-18 09:00:00+00:00,2024-11-19 09:00:00+00:00,1 days 00:00:00,
170,4,3905,3928,2625.12,2629.3,,,12.516464000001164,4.203536000000001,0.001191989699518627,2024-11-19 09:00:00+00:00,2024-11-20 09:00:00+00:00,1 days 00:00:00,
171,4,3928,3951,2629.3,2661.15,,,123.16763999999964,4.232360000000001,0.011711067584528277,2024-11-20 09:00:00+00:00,2024-11-21 09:00:00+00:00,1 days 00:00:00,
172,4,3951,3974,2661.15,2692.86,,,122.55679200000014,4.283208,0.011513517840031606,2024-11-21 09:00:00+00:00,2024-11-22 09:00:00+00:00,1 days 00:00:00,
173,4,3974,3997,2692.86,2666.95,,,-107.92784800000123,4.287848,-0.01001981610629603,2024-11-22 09:00:00+00:00,2024-11-25 09:00:00+00:00,3 days 00:00:00,
174,4,3997,4020,2666.95,2621.96,,,-184.19112799999914,4.231128,-0.01726608372860379,2024-11-25 09:00:00+00:00,2024-11-26 09:00:00+00:00,1 days 00:00:00,
175,4,4020,4043,2621.96,2647.71,,,98.784264,4.215736000000001,0.00941893316450294,2024-11-26 09:00:00+00:00,2024-11-27 09:00:00+00:00,1 days 00:00:00,
176,4,4043,4066,2647.71,2636.81,,,-47.82761600000036,4.227616,-0.004515941700563897,2024-11-27 09:00:00+00:00,2024-11-28 09:00:00+00:00,1 days 00:00:00,
177,4,4066,4087,2636.81,2665.31,,,109.758304,4.241696,0.010406353131245681,2024-11-28 09:00:00+00:00,2024-11-29 09:00:00+00:00,1 days 00:00:00,
178,4,4087,4108,2665.31,2625.94,,,-161.71299999999957,4.2330000000000005,-0.015168310628032016,2024-11-29 09:00:00+00:00,2024-12-02 09:00:00+00:00,3 days 00:00:00,
179,4,4108,4131,2625.94,2646.82,,,79.30179200000043,4.218208000000001,0.007549848054410926,2024-12-02 09:00:00+00:00,2024-12-03 09:00:00+00:00,1 days 00:00:00,
180,4,4131,4154,2646.82,2649.24,,,5.443151999998472,4.236848,0.0005141218518824886,2024-12-03 09:00:00+00:00,2024-12-04 09:00:00+00:00,1 days 00:00:00,
181,4,4154,4177,2649.24,2646.9,,,-13.596911999998763,4.236912,-0.0012830955292837854,2024-12-04 09:00:00+00:00,2024-12-05 09:00:00+00:00,1 days 00:00:00,
182,4,4177,4200,2646.9,2639.24,,,-34.86891200000124,4.228912,-0.003293372624579844,2024-12-05 09:00:00+00:00,2024-12-06 09:00:00+00:00,1 days 00:00:00,
183,4,4200,4223,2639.24,2643.71,,,13.653640000001019,4.22636,0.0012933306557950347,2024-12-06 09:00:00+00:00,2024-12-09 09:00:00+00:00,3 days 00:00:00,
184,4,4223,4246,2643.71,2670.04,,,101.0689999999997,4.251,0.0095574968510162,2024-12-09 09:00:00+00:00,2024-12-10 09:00:00+00:00,1 days 00:00:00,
185,4,4246,4269,2670.04,2694.89,,,95.10805599999964,4.291944,0.008905115279171738,2024-12-10 09:00:00+00:00,2024-12-11 09:00:00+00:00,1 days 00:00:00,
186,4,4269,4292,2694.89,2718.02,,,88.18967200000044,4.330328,0.008181194037604655,2024-12-11 09:00:00+00:00,2024-12-12 09:00:00+00:00,1 days 00:00:00,
187,4,4292,4315,2718.02,2689.3,,,-119.2058559999992,4.325856,-0.010964402027946735,2024-12-12 09:00:00+00:00,2024-12-13 09:00:00+00:00,1 days 00:00:00,
188,4,4315,4338,2689.3,2653.69,,,-146.71439200000052,4.274392000000001,-0.01363871565091294,2024-12-13 09:00:00+00:00,2024-12-16 09:00:00+00:00,3 days 00:00:00,
189,4,4338,4361,2653.69,2648.89,,,-23.442064000000727,4.242064,-0.0022084403227205346,2024-12-16 09:00:00+00:00,2024-12-17 09:00:00+00:00,1 days 00:00:00,
190,4,4361,4384,2648.89,2646.69,,,-13.036463999999272,4.236464,-0.0012303704570592786,2024-12-17 09:00:00+00:00,2024-12-18 09:00:00+00:00,1 days 00:00:00,
191,4,4384,4407,2646.69,2612.99,,,-139.00774400000108,4.207744,-0.013130338649407483,2024-12-18 09:00:00+00:00,2024-12-19 09:00:00+00:00,1 days 00:00:00,
192,4,4407,4430,2612.99,2604.55,,,-37.934031999998396,4.174032,-0.0036293701851135,2024-12-19 09:00:00+00:00,2024-12-20 09:00:00+00:00,1 days 00:00:00,
193,4,4430,4453,2604.55,2631.5,,,103.61115999999927,4.188840000000001,0.009945207425466857,2024-12-20 09:00:00+00:00,2024-12-23 09:00:00+00:00,3 days 00:00:00,
194,4,4453,4476,2631.5,2618.61,,,-55.76008799999949,4.200088,-0.00529736728101839,2024-12-23 09:00:00+00:00,2024-12-24 09:00:00+00:00,1 days 00:00:00,
195,4,4476,4496,2618.61,2626.23,,,26.284127999999562,4.195872,0.0025093587819491826,2024-12-24 09:00:00+00:00,2024-12-26 09:00:00+00:00,2 days 00:00:00,
196,4,4496,4519,2626.23,2634.47,,,28.75143999999913,4.20856,0.002736949924416301,2024-12-26 09:00:00+00:00,2024-12-27 09:00:00+00:00,1 days 00:00:00,
197,4,4519,4542,2634.47,2619.03,,,-65.9627999999984,4.2028,-0.006259589215287906,2024-12-27 09:00:00+00:00,2024-12-30 09:00:00+00:00,3 days 00:00:00,
198,4,4542,4565,2619.03,2607.91,,,-48.66155200000138,4.181552,-0.004644997575438383,2024-12-30 09:00:00+00:00,2024-12-31 09:00:00+00:00,1 days 00:00:00,
199,4,4565,4588,2607.91,2634.14,,,100.72636000000007,4.19364,0.009655850853748718,2024-12-31 09:00:00+00:00,2025-01-02 09:00:00+00:00,2 days 00:00:00,
200,4,4588,4611,2634.14,2659.41,,,96.84515999999992,4.23484,0.009191345182867953,2025-01-02 09:00:00+00:00,2025-01-03 09:00:00+00:00,1 days 00:00:00,
201,4,4611,4634,2659.41,2631.49,,,-115.91272000000029,4.23272,-0.010896469517674956,2025-01-03 09:00:00+00:00,2025-01-06 09:00:00+00:00,3 days 00:00:00,
202,4,4634,4655,2631.49,2640.21,,,30.66264000000102,4.217359999999999,0.00291304926106517,2025-01-06 09:00:00+00:00,2025-01-07 09:00:00+00:00,1 days 00:00:00,
203,4,4655,4678,2640.21,2652.02,,,43.00621599999978,4.233784,0.004072234405596564,2025-01-07 09:00:00+00:00,2025-01-08 09:00:00+00:00,1 days 00:00:00,
204,4,4678,4701,2652.02,2666.73,,,54.58500000000014,4.255,0.005145605990905092,2025-01-08 09:00:00+00:00,2025-01-09 09:00:00+00:00,1 days 00:00:00,
205,4,4701,4724,2666.73,2678.09,,,41.16414400000051,4.275856,0.0038590468476374833,2025-01-09 09:00:00+00:00,2025-01-10 09:00:00+00:00,1 days 00:00:00,
206,4,4724,4747,2678.09,2689.43,,,41.065983999998764,4.294016,0.0038335141836159194,2025-01-10 09:00:00+00:00,2025-01-13 09:00:00+00:00,3 days 00:00:00,
207,4,4747,4770,2689.43,2669.03,,,-85.88676799999854,4.286768,-0.00798373335613858,2025-01-13 09:00:00+00:00,2025-01-14 09:00:00+00:00,1 days 00:00:00,
208,4,4770,4793,2669.03,2681.06,,,43.83992799999898,4.2800720000000005,0.004106353993772996,2025-01-14 09:00:00+00:00,2025-01-15 09:00:00+00:00,1 days 00:00:00,
209,4,4793,4816,2681.06,2693.86,,,46.900064000000725,4.299936000000001,0.004373276241486599,2025-01-15 09:00:00+00:00,2025-01-16 09:00:00+00:00,1 days 00:00:00,
210,4,4816,4839,2693.86,2712.57,,,70.51485600000015,4.325144,0.006544034953561168,2025-01-16 09:00:00+00:00,2025-01-17 09:00:00+00:00,1 days 00:00:00,
211,4,4839,4862,2712.57,2711.25,,,-9.619056000000654,4.339056,-0.0008865260620002627,2025-01-17 09:00:00+00:00,2025-01-20 09:00:00+00:00,3 days 00:00:00,
212,4,4862,4883,2711.25,2724.17,,,47.33166400000029,4.348336,0.004364376579068652,2025-01-20 09:00:00+00:00,2025-01-21 09:00:00+00:00,1 days 00:00:00,
213,4,4883,4906,2724.17,2746.77,,,86.02324799999964,4.376752,0.007894445647665237,2025-01-21 09:00:00+00:00,2025-01-22 09:00:00+00:00,1 days 00:00:00,
214,4,4906,4929,2746.77,2753.32,,,21.799928000000726,4.400072,0.001984142101450168,2025-01-22 09:00:00+00:00,2025-01-23 09:00:00+00:00,1 days 00:00:00,
215,4,4929,4952,2753.32,2773.69,,,77.05839199999956,4.421608000000001,0.006996861243880183,2025-01-23 09:00:00+00:00,2025-01-24 09:00:00+00:00,1 days 00:00:00,
216,4,4952,4975,2773.69,2754.57,,,-80.90260799999956,4.422608,-0.007291965576542375,2025-01-24 09:00:00+00:00,2025-01-27 09:00:00+00:00,3 days 00:00:00,
217,4,4975,4998,2754.57,2739.32,,,-65.395112,4.395112,-0.005935147046544417,2025-01-27 09:00:00+00:00,2025-01-28 09:00:00+00:00,1 days 00:00:00,
218,4,4998,5021,2739.32,2759.08,,,74.64127999999906,4.39872,0.006812026342303754,2025-01-28 09:00:00+00:00,2025-01-29 09:00:00+00:00,1 days 00:00:00,
219,4,5021,5044,2759.08,2765.59,,,21.620264000000873,4.419736,0.00195901024979348,2025-01-29 09:00:00+00:00,2025-01-30 09:00:00+00:00,1 days 00:00:00,
220,4,5044,5067,2765.59,2792.59,,,103.553456,4.446544000000001,0.009360882849590774,2025-01-30 09:00:00+00:00,2025-01-31 09:00:00+00:00,1 days 00:00:00,
221,4,5067,5090,2792.59,2787.03,,,-26.70369599999978,4.4636960000000006,-0.0023905850840974935,2025-01-31 09:00:00+00:00,2025-02-03 09:00:00+00:00,3 days 00:00:00,
222,4,5090,5113,2787.03,2813.42,,,101.07963999999949,4.480360000000001,0.009066967345166614,2025-02-03 09:00:00+00:00,2025-02-04 09:00:00+00:00,1 days 00:00:00,
223,4,5113,5136,2813.42,2858.95,,,177.582103999999,4.537896,0.01577991412586808,2025-02-04 09:00:00+00:00,2025-02-05 09:00:00+00:00,1 days 00:00:00,
224,4,5136,5159,2858.95,2859.0,,,-4.374359999999273,4.57436,-0.0003825145595409369,2025-02-05 09:00:00+00:00,2025-02-06 09:00:00+00:00,1 days 00:00:00,
225,4,5159,5182,2859.0,2860.61,,,1.8643120000005098,4.5756879999999995,0.0001630213361315935,2025-02-06 09:00:00+00:00,2025-02-07 09:00:00+00:00,1 days 00:00:00,
226,4,5182,5205,2860.61,2888.18,,,105.68096799999884,4.599032,0.009235876963304973,2025-02-07 09:00:00+00:00,2025-02-10 09:00:00+00:00,3 days 00:00:00,
227,4,5205,5228,2888.18,2917.78,,,113.75523200000146,4.644768000000001,0.009846618978041625,2025-02-10 09:00:00+00:00,2025-02-11 09:00:00+00:00,1 days 00:00:00,
228,4,5228,5251,2917.78,2892.29,,,-106.60805600000094,4.648056,-0.009134346660817591,2025-02-11 09:00:00+00:00,2025-02-12 09:00:00+00:00,1 days 00:00:00,
229,4,5251,5274,2892.29,2915.74,,,89.15357599999928,4.646424,0.007706140808839902,2025-02-12 09:00:00+00:00,2025-02-13 09:00:00+00:00,1 days 00:00:00,
230,4,5274,5297,2915.74,2933.97,,,68.24023200000008,4.679768,0.005851021696035994,2025-02-13 09:00:00+00:00,2025-02-14 09:00:00+00:00,1 days 00:00:00,
231,4,5297,5320,2933.97,2896.41,,,-154.90430399999977,4.664304,-0.013199206535854111,2025-02-14 09:00:00+00:00,2025-02-17 09:00:00+00:00,3 days 00:00:00,
232,4,5320,5341,2896.41,2913.45,,,63.51211199999985,4.647888,0.005481968367738018,2025-02-17 09:00:00+00:00,2025-02-18 09:00:00+00:00,1 days 00:00:00,
233,4,5341,5364,2913.45,2931.2,,,66.32428,4.67572,0.0056912148826991655,2025-02-18 09:00:00+00:00,2025-02-19 09:00:00+00:00,1 days 00:00:00,
234,4,5364,5387,2931.2,2947.72,,,61.37686399999993,4.703136,0.005234789847161647,2025-02-19 09:00:00+00:00,2025-02-20 09:00:00+00:00,1 days 00:00:00,
235,4,5387,5410,2947.72,2929.72,,,-76.701952,4.701952,-0.006505193166243686,2025-02-20 09:00:00+00:00,2025-02-21 09:00:00+00:00,1 days 00:00:00,
236,4,5410,5433,2929.72,2938.57,,,30.705368000001457,4.694632,0.002620162336332529,2025-02-21 09:00:00+00:00,2025-02-24 09:00:00+00:00,3 days 00:00:00,
237,4,5433,5456,2938.57,2935.71,,,-16.13942400000051,4.6994240000000005,-0.0013730678527311734,2025-02-24 09:00:00+00:00,2025-02-25 09:00:00+00:00,1 days 00:00:00,
238,4,5456,5479,2935.71,2906.58,,,-121.19383200000044,4.673832000000001,-0.010320657694390887,2025-02-25 09:00:00+00:00,2025-02-26 09:00:00+00:00,1 days 00:00:00,
239,4,5479,5502,2906.58,2894.13,,,-54.440567999999274,4.640568,-0.004682527919410332,2025-02-26 09:00:00+00:00,2025-02-27 09:00:00+00:00,1 days 00:00:00,
240,4,5502,5525,2894.13,2863.57,,,-126.84615999999978,4.606160000000001,-0.01095719266238902,2025-02-27 09:00:00+00:00,2025-02-28 09:00:00+00:00,1 days 00:00:00,
241,4,5525,5548,2863.57,2865.91,,,4.776415999998763,4.583584,0.00041699836218425554,2025-02-28 09:00:00+00:00,2025-03-03 09:00:00+00:00,3 days 00:00:00,
242,4,5548,5571,2865.91,2887.42,,,81.43733600000087,4.602664,0.0071039683730473625,2025-03-03 09:00:00+00:00,2025-03-04 09:00:00+00:00,1 days 00:00:00,
243,4,5571,5594,2887.42,2917.04,,,113.83643199999956,4.643568,0.009856241211877679,2025-03-04 09:00:00+00:00,2025-03-05 09:00:00+00:00,1 days 00:00:00,
244,4,5594,5617,2917.04,2920.6,,,9.569887999999782,4.670112,0.0008201711323807355,2025-03-05 09:00:00+00:00,2025-03-06 09:00:00+00:00,1 days 00:00:00,
245,4,5617,5640,2920.6,2913.37,,,-33.58717600000007,4.6671759999999995,-0.0028750236252824864,2025-03-06 09:00:00+00:00,2025-03-07 09:00:00+00:00,1 days 00:00:00,
246,4,5640,5664,2913.37,2914.68,,,0.5775599999997816,4.66244,4.956116112959946e-05,2025-03-07 09:00:00+00:00,2025-03-10 09:00:00+00:00,3 days 00:00:00,
247,4,5664,5687,2914.68,2902.26,,,-54.33355199999847,4.653552,-0.004660335954547246,2025-03-10 09:00:00+00:00,2025-03-11 09:00:00+00:00,1 days 00:00:00,
248,4,5687,5710,2902.26,2911.88,,,33.82868799999956,4.651312000000001,0.00291399530021424,2025-03-11 09:00:00+00:00,2025-03-12 09:00:00+00:00,1 days 00:00:00,
249,4,5710,5733,2911.88,2937.0,,,95.80089599999957,4.679104000000001,0.008225003777628057,2025-03-12 09:00:00+00:00,2025-03-13 09:00:00+00:00,1 days 00:00:00,
250,4,5733,5756,2937.0,2985.16,,,187.9022719999994,4.737728000000001,0.015994405175348846,2025-03-13 09:00:00+00:00,2025-03-14 09:00:00+00:00,1 days 00:00:00,
251,4,5756,5779,2985.16,2989.55,,,12.780232000001309,4.779768000000001,0.001070313819024922,2025-03-14 09:00:00+00:00,2025-03-17 09:00:00+00:00,3 days 00:00:00,
252,4,5779,5802,2989.55,3015.55,,,99.19592,4.804080000000001,0.008295221688882966,2025-03-17 09:00:00+00:00,2025-03-18 09:00:00+00:00,1 days 00:00:00,
253,4,5802,5825,3015.55,3042.0,,,100.95395999999927,4.84604,0.008369448359337449,2025-03-18 09:00:00+00:00,2025-03-19 09:00:00+00:00,1 days 00:00:00,
254,4,5825,5848,3042.0,3048.96,,,22.967232000000145,4.872768000000001,0.0018875108481263066,2025-03-19 09:00:00+00:00,2025-03-20 09:00:00+00:00,1 days 00:00:00,
255,4,5848,5871,3048.96,3029.85,,,-81.30304800000052,4.863048,-0.006666457414987493,2025-03-20 09:00:00+00:00,2025-03-21 09:00:00+00:00,1 days 00:00:00,
256,4,5871,5894,3029.85,3024.87,,,-24.76377600000007,4.843776,-0.00204331699589094,2025-03-21 09:00:00+00:00,2025-03-24 09:00:00+00:00,3 days 00:00:00,
257,4,5894,5917,3024.87,3017.72,,,-33.43407200000036,4.834072,-0.0027632651981737925,2025-03-24 09:00:00+00:00,2025-03-25 09:00:00+00:00,1 days 00:00:00,
258,4,5917,5940,3017.72,3026.03,,,28.4050000000016,4.835,0.002353183860663251,2025-03-25 09:00:00+00:00,2025-03-26 09:00:00+00:00,1 days 00:00:00,
259,4,5940,5963,3026.03,3029.65,,,9.635455999999563,4.844544000000001,0.0007960476267584843,2025-03-26 09:00:00+00:00,2025-03-27 09:00:00+00:00,1 days 00:00:00,
260,4,5963,5986,3029.65,3084.46,,,214.34871199999978,4.891288,0.017687580413579,2025-03-27 09:00:00+00:00,2025-03-28 09:00:00+00:00,1 days 00:00:00,
261,4,5986,6007,3084.46,3113.31,,,110.44178399999964,4.958216,0.008951468328329664,2025-03-28 09:00:00+00:00,2025-03-31 08:00:00+00:00,2 days 23:00:00,
262,4,6007,6030,3113.31,3144.69,,,120.51360000000044,5.0064,0.009677288801950294,2025-03-31 08:00:00+00:00,2025-04-01 08:00:00+00:00,1 days 00:00:00,
263,4,6030,6053,3144.69,3116.4,,,-118.16887199999985,5.008872,-0.009394318040887929,2025-04-01 08:00:00+00:00,2025-04-02 08:00:00+00:00,1 days 00:00:00,
264,4,6053,6076,3116.4,3140.17,,,90.07474399999992,5.005256000000001,0.007225865100757297,2025-04-02 08:00:00+00:00,2025-04-03 08:00:00+00:00,1 days 00:00:00,
265,4,6076,6099,3140.17,3099.92,,,-165.992072,4.992072,-0.013215213826003082,2025-04-03 08:00:00+00:00,2025-04-04 08:00:00+00:00,1 days 00:00:00,
266,4,6099,6122,3099.92,3035.31,,,-263.3481840000005,4.908184,-0.021238304859480295,2025-04-04 08:00:00+00:00,2025-04-07 08:00:00+00:00,3 days 00:00:00,
267,4,6122,6145,3035.31,3001.86,,,-138.62973599999927,4.8297360000000005,-0.011418087114660356,2025-04-07 08:00:00+00:00,2025-04-08 08:00:00+00:00,1 days 00:00:00,
268,4,6145,6168,3001.86,3012.38,,,37.26860799999993,4.811392,0.0031037929816846097,2025-04-08 08:00:00+00:00,2025-04-09 08:00:00+00:00,1 days 00:00:00,
269,4,6168,6191,3012.38,3125.28,,,446.6898720000004,4.910128,0.037071175615294154,2025-04-09 08:00:00+00:00,2025-04-10 08:00:00+00:00,1 days 00:00:00,
270,4,6191,6214,3125.28,3208.53,,,327.932952,5.067048000000001,0.026232285747196955,2025-04-10 08:00:00+00:00,2025-04-11 08:00:00+00:00,1 days 00:00:00,
271,4,6214,6237,3208.53,3227.37,,,70.21127999999877,5.148720000000001,0.00547067348598883,2025-04-11 08:00:00+00:00,2025-04-14 08:00:00+00:00,3 days 00:00:00,
272,4,6237,6260,3227.37,3231.87,,,12.832608,5.1673919999999995,0.0009940453062401088,2025-04-14 08:00:00+00:00,2025-04-15 08:00:00+00:00,1 days 00:00:00,
273,4,6260,6283,3231.87,3283.69,,,202.06755200000066,5.212448,0.015630853963804286,2025-04-15 08:00:00+00:00,2025-04-16 08:00:00+00:00,1 days 00:00:00,
274,4,6283,6306,3283.69,3341.58,,,226.25978399999948,5.300216000000001,0.01722603108088773,2025-04-16 08:00:00+00:00,2025-04-17 08:00:00+00:00,1 days 00:00:00,
275,4,6306,6329,3341.58,3376.32,,,133.58568000000093,5.374320000000001,0.0099942003483383,2025-04-17 08:00:00+00:00,2025-04-21 08:00:00+00:00,4 days 00:00:00,
276,4,6329,6352,3376.32,3484.37,,,426.7114479999989,5.488552,0.031595897900672895,2025-04-21 08:00:00+00:00,2025-04-22 08:00:00+00:00,1 days 00:00:00,
277,4,6352,6375,3484.37,3346.65,,,-556.3448159999992,5.464816000000001,-0.03991717412329913,2025-04-22 08:00:00+00:00,2025-04-23 08:00:00+00:00,1 days 00:00:00,
278,4,6375,6398,3346.65,3326.18,,,-87.21826400000101,5.338264000000001,-0.006515341012654554,2025-04-23 08:00:00+00:00,2025-04-24 08:00:00+00:00,1 days 00:00:00,
279,4,6398,6421,3326.18,3324.79,,,-10.880775999999491,5.320776,-0.0008178132271854932,2025-04-24 08:00:00+00:00,2025-04-25 08:00:00+00:00,1 days 00:00:00,
280,4,6421,6444,3324.79,3298.95,,,-108.65899200000058,5.298992,-0.008170365045611942,2025-04-25 08:00:00+00:00,2025-04-28 08:00:00+00:00,3 days 00:00:00,
281,4,6444,6467,3298.95,3309.33,,,36.23337600000043,5.286624,0.002745826399308936,2025-04-28 08:00:00+00:00,2025-04-29 08:00:00+00:00,1 days 00:00:00,
282,4,6467,6490,3309.33,3308.07,,,-10.333919999999054,5.29392,-0.0007806655727895548,2025-04-29 08:00:00+00:00,2025-04-30 08:00:00+00:00,1 days 00:00:00,
283,4,6490,6513,3308.07,3226.73,,,-330.5878400000006,5.2278400000000005,-0.02498343747260494,2025-04-30 08:00:00+00:00,2025-05-01 08:00:00+00:00,1 days 00:00:00,
284,4,6513,6536,3226.73,3251.59,,,94.25734400000051,5.182656000000001,0.007302853353085091,2025-05-01 08:00:00+00:00,2025-05-02 08:00:00+00:00,1 days 00:00:00,
285,4,6536,6559,3251.59,3256.52,,,14.513511999999345,5.206488,0.0011158780781093812,2025-05-02 08:00:00+00:00,2025-05-05 08:00:00+00:00,3 days 00:00:00,
286,4,6559,6582,3256.52,3363.21,,,421.4642160000002,5.295784,0.0323554143687127,2025-05-05 08:00:00+00:00,2025-05-06 08:00:00+00:00,1 days 00:00:00,
287,4,6582,6605,3363.21,3382.17,,,70.44369600000014,5.396304000000001,0.005236343850071915,2025-05-06 08:00:00+00:00,2025-05-07 08:00:00+00:00,1 days 00:00:00,
288,4,6605,6628,3382.17,3382.2,,,-5.291496000001019,5.4114960000000005,-0.0003911317290380287,2025-05-07 08:00:00+00:00,2025-05-08 08:00:00+00:00,1 days 00:00:00,
289,4,6628,6651,3382.2,3324.61,,,-235.72544799999878,5.365448000000001,-0.01742397315356863,2025-05-08 08:00:00+00:00,2025-05-09 08:00:00+00:00,1 days 00:00:00,
290,4,6651,6674,3324.61,3278.89,,,-188.16280000000103,5.2828,-0.014149238557304532,2025-05-09 08:00:00+00:00,2025-05-12 08:00:00+00:00,3 days 00:00:00,
291,4,6674,6697,3278.89,3252.83,,,-109.46537599999978,5.225376,-0.008346222044655379,2025-05-12 08:00:00+00:00,2025-05-13 08:00:00+00:00,1 days 00:00:00,
292,4,6697,6720,3252.83,3223.95,,,-120.70142400000043,5.181424,-0.009276647104213958,2025-05-13 08:00:00+00:00,2025-05-14 08:00:00+00:00,1 days 00:00:00,
293,4,6720,6743,3223.95,3138.78,,,-345.7701839999985,5.090184000000001,-0.026812619922765485,2025-05-14 08:00:00+00:00,2025-05-15 08:00:00+00:00,1 days 00:00:00,
294,4,6743,6766,3138.78,3219.58,,,318.1133119999989,5.0866880000000005,0.025337337436838366,2025-05-15 08:00:00+00:00,2025-05-16 08:00:00+00:00,1 days 00:00:00,
295,4,6766,6789,3219.58,3215.91,,,-19.828392000000292,5.148392,-0.0015396722553873343,2025-05-16 08:00:00+00:00,2025-05-19 08:00:00+00:00,3 days 00:00:00,
296,4,6789,6812,3215.91,3217.1,,,-0.3864079999997818,5.146408,-3.003877596085327e-05,2025-05-19 08:00:00+00:00,2025-05-20 08:00:00+00:00,1 days 00:00:00,
297,4,6812,6835,3217.1,3302.12,,,334.86462399999994,5.215376,0.026022242392216562,2025-05-20 08:00:00+00:00,2025-05-21 08:00:00+00:00,1 days 00:00:00,
298,4,6835,6858,3302.12,3338.56,,,140.44745600000022,5.312544,0.010633127808801636,2025-05-21 08:00:00+00:00,2025-05-22 08:00:00+00:00,1 days 00:00:00,
299,4,6858,6881,3338.56,3313.55,,,-105.36168799999905,5.321688,-0.007889755463433302,2025-05-22 08:00:00+00:00,2025-05-23 08:00:00+00:00,1 days 00:00:00,
300,4,6881,6904,3313.55,3349.83,,,139.78929599999898,5.330704000000001,0.01054679241297099,2025-05-23 08:00:00+00:00,2025-05-26 08:00:00+00:00,3 days 00:00:00,
301,4,6904,6925,3349.83,3330.9,,,-81.06458399999934,5.344584000000001,-0.006049902830889867,2025-05-26 08:00:00+00:00,2025-05-27 08:00:00+00:00,1 days 00:00:00,
302,4,6925,6948,3330.9,3296.29,,,-143.7417520000005,5.3017520000000005,-0.01078850701011743,2025-05-27 08:00:00+00:00,2025-05-28 08:00:00+00:00,1 days 00:00:00,
303,4,6948,6971,3296.29,3269.28,,,-113.29245599999905,5.2524560000000005,-0.008592421783277545,2025-05-28 08:00:00+00:00,2025-05-29 08:00:00+00:00,1 days 00:00:00,
304,4,6971,6994,3269.28,3296.22,,,102.5075999999984,5.2524,0.00783869842901174,2025-05-29 08:00:00+00:00,2025-05-30 08:00:00+00:00,1 days 00:00:00,
305,4,6994,7017,3296.22,3313.94,,,65.59187200000102,5.288128,0.0049747795960221565,2025-05-30 08:00:00+00:00,2025-06-02 08:00:00+00:00,3 days 00:00:00,
306,4,7017,7040,3313.94,3362.78,,,190.01862400000059,5.341376,0.01433479664689167,2025-06-02 08:00:00+00:00,2025-06-03 08:00:00+00:00,1 days 00:00:00,
307,4,7040,7063,3362.78,3354.81,,,-37.25407200000102,5.374072,-0.0027695888520807574,2025-06-03 08:00:00+00:00,2025-06-04 08:00:00+00:00,1 days 00:00:00,
308,4,7063,7086,3354.81,3368.48,,,49.30136800000029,5.3786320000000005,0.00367393145960572,2025-06-04 08:00:00+00:00,2025-06-05 08:00:00+00:00,1 days 00:00:00,
309,4,7086,7109,3368.48,3373.65,,,15.286296000000291,5.3937040000000005,0.001134509927326197,2025-06-05 08:00:00+00:00,2025-06-06 08:00:00+00:00,1 days 00:00:00,
310,4,7109,7132,3373.65,3311.72,,,-253.06829600000117,5.348296,-0.01875330102411341,2025-06-06 08:00:00+00:00,2025-06-09 08:00:00+00:00,3 days 00:00:00,
311,4,7132,7155,3311.72,3307.29,,,-23.015207999999348,5.295208000000001,-0.0017374059401156568,2025-06-09 08:00:00+00:00,2025-06-10 08:00:00+00:00,1 days 00:00:00,
312,3,7155,7178,3307.29,3341.81,,,99.57053999999995,3.9894600000000002,0.01003546105724028,2025-06-10 08:00:00+00:00,2025-06-11 08:00:00+00:00,1 days 00:00:00,
313,3,7178,7201,3341.81,3370.33,,,81.53271599999995,4.027284,0.008132590422555536,2025-06-11 08:00:00+00:00,2025-06-12 08:00:00+00:00,1 days 00:00:00,
314,3,7201,7224,3370.33,3425.32,,,160.8926100000007,4.07739,0.015912646536096038,2025-06-12 08:00:00+00:00,2025-06-13 08:00:00+00:00,1 days 00:00:00,
315,3,7224,7247,3425.32,3427.54,,,2.5482839999993994,4.111716,0.00024798500578032337,2025-06-13 08:00:00+00:00,2025-06-16 08:00:00+00:00,3 days 00:00:00,
316,3,7247,7270,3427.54,3394.05,,,-104.56295399999935,4.092954000000001,-0.0101689018946533,2025-06-16 08:00:00+00:00,2025-06-17 08:00:00+00:00,1 days 00:00:00,
317,3,7270,7293,3394.05,3395.28,,,-0.3835979999999459,4.0735980000000005,-3.7673575816514536e-05,2025-06-17 08:00:00+00:00,2025-06-18 08:00:00+00:00,1 days 00:00:00,
318,3,7293,7316,3395.28,3374.47,,,-66.4918500000012,4.06185,-0.006527871044508968,2025-06-18 08:00:00+00:00,2025-06-19 08:00:00+00:00,1 days 00:00:00,
319,3,7316,7337,3374.47,3354.32,,,-64.4872739999989,4.037274,-0.006370113825282116,2025-06-19 08:00:00+00:00,2025-06-20 08:00:00+00:00,1 days 00:00:00,
320,3,7337,7360,3354.32,3358.48,,,8.452319999999563,4.02768,0.0008399437143741726,2025-06-20 08:00:00+00:00,2025-06-23 08:00:00+00:00,3 days 00:00:00,
321,3,7360,7383,3358.48,3348.52,,,-33.90420000000011,4.0242,-0.0033650341821300158,2025-06-23 08:00:00+00:00,2025-06-24 08:00:00+00:00,1 days 00:00:00,
322,3,7383,7406,3348.52,3327.44,,,-67.24557599999979,4.005576,-0.006694059465077088,2025-06-24 08:00:00+00:00,2025-06-25 08:00:00+00:00,1 days 00:00:00,
323,3,7406,7429,3327.44,3333.91,,,15.4131899999994,3.99681,0.001544048878416892,2025-06-25 08:00:00+00:00,2025-06-26 08:00:00+00:00,1 days 00:00:00,
324,3,7429,7452,3333.91,3293.95,,,-123.8567160000001,3.9767159999999997,-0.0123835292494399,2025-06-26 08:00:00+00:00,2025-06-27 08:00:00+00:00,1 days 00:00:00,
325,3,7452,7475,3293.95,3285.59,,,-29.02772399999902,3.947724,-0.002937478710970008,2025-06-27 08:00:00+00:00,2025-06-30 08:00:00+00:00,3 days 00:00:00,
326,3,7475,7498,3285.59,3322.95,,,108.11487599999901,3.9651240000000003,0.010968590724953344,2025-06-30 08:00:00+00:00,2025-07-01 08:00:00+00:00,1 days 00:00:00,
327,3,7498,7521,3322.95,3340.08,,,47.392182000000325,3.9978179999999996,0.004754026994086692,2025-07-01 08:00:00+00:00,2025-07-02 08:00:00+00:00,1 days 00:00:00,
328,3,7521,7573,3340.08,3307.75,,,-100.97869799999978,3.9886980000000003,-0.01007747299465875,2025-07-02 08:00:00+00:00,2025-07-07 08:00:00+00:00,5 days 00:00:00,
329,3,7573,7596,3307.75,3329.56,,,61.44761399999984,3.982386,0.00619228720429299,2025-07-07 08:00:00+00:00,2025-07-08 08:00:00+00:00,1 days 00:00:00,
330,3,7596,7619,3329.56,3293.97,,,-110.74411800000044,3.9741180000000003,-0.011086962241257187,2025-07-08 08:00:00+00:00,2025-07-09 08:00:00+00:00,1 days 00:00:00,
331,3,7619,7642,3293.97,3322.25,,,80.8702680000006,3.9697320000000005,0.008183667732250273,2025-07-09 08:00:00+00:00,2025-07-10 08:00:00+00:00,1 days 00:00:00,
332,3,7642,7665,3322.25,3331.99,,,25.227455999999346,3.992544,0.0025311617126945432,2025-07-10 08:00:00+00:00,2025-07-11 08:00:00+00:00,1 days 00:00:00,
333,3,7665,7688,3331.99,3359.68,,,79.05499800000017,4.015002,0.00790868700086138,2025-07-11 08:00:00+00:00,2025-07-14 08:00:00+00:00,3 days 00:00:00,
334,3,7688,7711,3359.68,3360.23,,,-2.381945999999454,4.031946,-0.00023632667396886441,2025-07-14 08:00:00+00:00,2025-07-15 08:00:00+00:00,1 days 00:00:00,
335,3,7711,7734,3360.23,3338.23,,,-70.019076,4.019076,-0.006945861444008269,2025-07-15 08:00:00+00:00,2025-07-16 08:00:00+00:00,1 days 00:00:00,
336,3,7734,7757,3338.23,3342.64,,,9.221477999999562,4.008522000000001,0.0009207951519216934,2025-07-16 08:00:00+00:00,2025-07-17 08:00:00+00:00,1 days 00:00:00,
337,3,7757,7780,3342.64,3336.94,,,-21.107747999999454,4.007748,-0.0021048979249934014,2025-07-17 08:00:00+00:00,2025-07-18 08:00:00+00:00,1 days 00:00:00,
338,3,7780,7803,3336.94,3357.78,,,58.503168000000436,4.016832000000001,0.005843993598926026,2025-07-18 08:00:00+00:00,2025-07-21 08:00:00+00:00,3 days 00:00:00,
339,3,7803,7826,3357.78,3391.4,,,96.81049199999967,4.049508000000001,0.009610565313987155,2025-07-21 08:00:00+00:00,2025-07-22 08:00:00+00:00,1 days 00:00:00,
340,3,7826,7849,3391.4,3423.56,,,92.39102399999956,4.088976000000001,0.009080912897328465,2025-07-22 08:00:00+00:00,2025-07-23 08:00:00+00:00,1 days 00:00:00,
341,3,7849,7872,3423.56,3382.63,,,-126.87371399999951,4.0837140000000005,-0.012353000385563497,2025-07-23 08:00:00+00:00,2025-07-24 08:00:00+00:00,1 days 00:00:00,
342,3,7872,7895,3382.63,3361.02,,,-68.87619000000038,4.046189999999999,-0.006787242471095004,2025-07-24 08:00:00+00:00,2025-07-25 08:00:00+00:00,1 days 00:00:00,
343,3,7895,7918,3361.02,3339.62,,,-68.22038400000028,4.020384,-0.006765841321979695,2025-07-25 08:00:00+00:00,2025-07-28 08:00:00+00:00,3 days 00:00:00,
344,3,7918,7941,3339.62,3316.57,,,-73.14371399999918,3.9937140000000007,-0.00730060246375333,2025-07-28 08:00:00+00:00,2025-07-29 08:00:00+00:00,1 days 00:00:00,
345,3,7941,7964,3316.57,3326.81,,,26.733971999999344,3.9860280000000006,0.002686909668724001,2025-07-29 08:00:00+00:00,2025-07-30 08:00:00+00:00,1 days 00:00:00,
346,3,7964,7987,3326.81,3298.17,,,-89.89498799999961,3.9749880000000006,-0.009007125745083099,2025-07-30 08:00:00+00:00,2025-07-31 08:00:00+00:00,1 days 00:00:00,
347,3,7987,8010,3298.17,3292.09,,,-22.194155999999783,3.9541560000000002,-0.0022430778280075913,2025-07-31 08:00:00+00:00,2025-08-01 08:00:00+00:00,1 days 00:00:00,
348,3,8010,8033,3292.09,3358.97,,,196.64936399999897,3.9906360000000003,0.01991129890130569,2025-08-01 08:00:00+00:00,2025-08-04 08:00:00+00:00,3 days 00:00:00,
349,3,8033,8056,3358.97,3371.15,,,32.50192800000087,4.0380720000000005,0.0032253863535548315,2025-08-04 08:00:00+00:00,2025-08-05 08:00:00+00:00,1 days 00:00:00,
350,3,8056,8079,3371.15,3372.25,,,-0.7460400000002734,4.0460400000000005,-7.376711211300164e-05,2025-08-05 08:00:00+00:00,2025-08-06 08:00:00+00:00,1 days 00:00:00,
351,3,8079,8102,3372.25,3377.6,,,12.000089999999727,4.049910000000001,0.0011861605752834673,2025-08-06 08:00:00+00:00,2025-08-07 08:00:00+00:00,1 days 00:00:00,
352,3,8102,8125,3377.6,3394.26,,,45.91688400000093,4.063116,0.004531509947892086,2025-08-07 08:00:00+00:00,2025-08-08 08:00:00+00:00,1 days 00:00:00,
353,3,8125,8148,3394.26,3375.84,,,-59.32206000000022,4.062060000000001,-0.0058257234271977265,2025-08-08 08:00:00+00:00,2025-08-11 08:00:00+00:00,3 days 00:00:00,
354,3,8148,8171,3375.84,3354.49,,,-68.08819800000109,4.0381979999999995,-0.006723086994644449,2025-08-11 08:00:00+00:00,2025-08-12 08:00:00+00:00,1 days 00:00:00,
355,3,8171,8194,3354.49,3351.82,,,-12.033785999998853,4.023785999999999,-0.0011957889276759787,2025-08-12 08:00:00+00:00,2025-08-13 08:00:00+00:00,1 days 00:00:00,
356,3,8194,8217,3351.82,3360.45,,,21.862637999998963,4.027362,0.0021742056554348585,2025-08-13 08:00:00+00:00,2025-08-14 08:00:00+00:00,1 days 00:00:00,
357,3,8217,8240,3360.45,3345.16,,,-49.893365999999894,4.023366,-0.004949075867815339,2025-08-14 08:00:00+00:00,2025-08-15 08:00:00+00:00,1 days 00:00:00,
358,3,8240,8263,3345.16,3357.51,,,33.02839800000109,4.021602000000001,0.003291162754547068,2025-08-15 08:00:00+00:00,2025-08-18 08:00:00+00:00,3 days 00:00:00,
359,3,8263,8286,3357.51,3337.57,,,-63.837048000000166,4.017048000000001,-0.006337737192145341,2025-08-18 08:00:00+00:00,2025-08-19 08:00:00+00:00,1 days 00:00:00,
360,3,8286,8309,3337.57,3318.7,,,-60.60376200000104,3.9937620000000003,-0.006052683239602576,2025-08-19 08:00:00+00:00,2025-08-20 08:00:00+00:00,1 days 00:00:00,
361,3,8309,8332,3318.7,3338.28,,,54.745812000001145,3.994188,0.005498720583360975,2025-08-20 08:00:00+00:00,2025-08-21 08:00:00+00:00,1 days 00:00:00,
362,3,8332,8355,3338.28,3328.36,,,-33.759984000000216,3.9999840000000004,-0.0033709958421702796,2025-08-21 08:00:00+00:00,2025-08-22 08:00:00+00:00,1 days 00:00:00,
363,3,8355,8378,3328.36,3366.02,,,108.96337199999957,4.016628,0.010912618827290303,2025-08-22 08:00:00+00:00,2025-08-25 08:00:00+00:00,3 days 00:00:00,
364,3,8378,8401,3366.02,3377.38,,,30.033960000000384,4.04604,0.002974230693816477,2025-08-25 08:00:00+00:00,2025-08-26 08:00:00+00:00,1 days 00:00:00,
365,3,8401,8424,3377.38,3375.03,,,-11.101445999999727,4.051446,-0.0010956664633532342,2025-08-26 08:00:00+00:00,2025-08-27 08:00:00+00:00,1 days 00:00:00,
366,3,8424,8447,3375.03,3390.16,,,41.33088599999896,4.059114,0.004082026530134447,2025-08-27 08:00:00+00:00,2025-08-28 08:00:00+00:00,1 days 00:00:00,
367,3,8447,8470,3390.16,3408.92,,,52.200552000000656,4.079448,0.0051325553956156865,2025-08-28 08:00:00+00:00,2025-08-29 08:00:00+00:00,1 days 00:00:00,
368,3,8470,8493,3408.92,3475.09,,,194.37959400000022,4.130406000000001,0.019006957628809145,2025-08-29 08:00:00+00:00,2025-09-01 08:00:00+00:00,3 days 00:00:00,
369,3,8493,8514,3475.09,3496.69,,,60.61693199999973,4.1830680000000005,0.005814423223571084,2025-09-01 08:00:00+00:00,2025-09-02 08:00:00+00:00,1 days 00:00:00,
370,3,8514,8537,3496.69,3536.86,,,116.28987000000022,4.22013,0.011085709628248402,2025-09-02 08:00:00+00:00,2025-09-03 08:00:00+00:00,1 days 00:00:00,
371,3,8537,8560,3536.86,3533.08,,,-15.5819640000006,4.241964,-0.0014685308437428425,2025-09-03 08:00:00+00:00,2025-09-04 08:00:00+00:00,1 days 00:00:00,
372,3,8560,8583,3533.08,3558.5,,,72.00505200000022,4.254948000000001,0.006793416509108113,2025-09-04 08:00:00+00:00,2025-09-05 08:00:00+00:00,1 days 00:00:00,
373,3,8583,8606,3558.5,3581.38,,,64.35607200000032,4.2839279999999995,0.006028389489953575,2025-09-05 08:00:00+00:00,2025-09-08 08:00:00+00:00,3 days 00:00:00,
374,3,8606,8629,3581.38,3654.81,,,215.9482859999995,4.341714,0.020099169035399822,2025-09-08 08:00:00+00:00,2025-09-09 08:00:00+00:00,1 days 00:00:00,
375,3,8629,8652,3654.81,3642.98,,,-39.868673999999785,4.378674,-0.0036361830026731407,2025-09-09 08:00:00+00:00,2025-09-10 08:00:00+00:00,1 days 00:00:00,
376,3,8652,8675,3642.98,3630.56,,,-41.62412400000022,4.364124,-0.003808614925143737,2025-09-10 08:00:00+00:00,2025-09-11 08:00:00+00:00,1 days 00:00:00,
377,3,8675,8698,3630.56,3654.89,,,68.61872999999979,4.371270000000001,0.006300105217927707,2025-09-11 08:00:00+00:00,2025-09-12 08:00:00+00:00,1 days 00:00:00,
378,3,8698,8721,3654.89,3645.64,,,-32.130318,4.380318000000001,-0.0029303497506081157,2025-09-12 08:00:00+00:00,2025-09-15 08:00:00+00:00,3 days 00:00:00,
379,3,8721,8744,3645.64,3684.27,,,111.49205400000032,4.397946,0.01019409980140675,2025-09-15 08:00:00+00:00,2025-09-16 08:00:00+00:00,1 days 00:00:00,
380,3,8744,8767,3684.27,3680.76,,,-14.949017999999292,4.419018,-0.0013525083666506173,2025-09-16 08:00:00+00:00,2025-09-17 08:00:00+00:00,1 days 00:00:00,
381,3,8767,8790,3680.76,3653.66,,,-85.7006520000011,4.400652000000001,-0.007761137373803367,2025-09-17 08:00:00+00:00,2025-09-18 08:00:00+00:00,1 days 00:00:00,
382,3,8790,8813,3653.66,3658.91,,,11.362458,4.387542,0.0010366279292545809,2025-09-18 08:00:00+00:00,2025-09-19 08:00:00+00:00,1 days 00:00:00,
383,3,8813,8836,3658.91,3692.19,,,95.4293400000006,4.41066,0.008693785854257141,2025-09-19 08:00:00+00:00,2025-09-22 08:00:00+00:00,3 days 00:00:00,
384,3,8836,8859,3692.19,3744.57,,,152.67794400000034,4.4620560000000005,0.01378386486069238,2025-09-22 08:00:00+00:00,2025-09-23 08:00:00+00:00,1 days 00:00:00,
385,3,8859,8882,3744.57,3768.17,,,66.29235599999973,4.507644000000001,0.005901198802532781,2025-09-23 08:00:00+00:00,2025-09-24 08:00:00+00:00,1 days 00:00:00,
386,3,8882,8905,3768.17,3738.12,,,-94.65377400000054,4.503774,-0.008373098347473759,2025-09-24 08:00:00+00:00,2025-09-25 08:00:00+00:00,1 days 00:00:00,
387,3,8905,8928,3738.12,3747.62,,,24.008556,4.491444,0.0021408761623489462,2025-09-25 08:00:00+00:00,2025-09-26 08:00:00+00:00,1 days 00:00:00,
388,3,8928,8951,3747.62,3805.02,,,167.66841600000026,4.5315840000000005,0.014913324189752502,2025-09-26 08:00:00+00:00,2025-09-29 08:00:00+00:00,3 days 00:00:00,
389,3,8951,8974,3805.02,3867.14,,,181.75670399999967,4.603296,0.0159225360182076,2025-09-29 08:00:00+00:00,2025-09-30 08:00:00+00:00,1 days 00:00:00,
390,3,8974,8997,3867.14,3864.93,,,-11.269242000000109,4.639241999999999,-0.0009713674705337722,2025-09-30 08:00:00+00:00,2025-10-01 08:00:00+00:00,1 days 00:00:00,
391,3,8997,9020,3864.93,3864.23,,,-6.737495999999455,4.6374960000000005,-0.0005810796055813865,2025-10-01 08:00:00+00:00,2025-10-02 08:00:00+00:00,1 days 00:00:00,
392,3,9020,9043,3864.23,3844.03,,,-65.22495599999945,4.624956000000001,-0.005626386628125105,2025-10-02 08:00:00+00:00,2025-10-03 08:00:00+00:00,1 days 00:00:00,
393,3,9043,9066,3844.03,3938.68,,,279.2803739999989,4.669626,0.024217672078521706,2025-10-03 08:00:00+00:00,2025-10-06 08:00:00+00:00,3 days 00:00:00,
394,3,9066,9089,3938.68,3975.71,,,106.3413660000006,4.748634,0.008999746615617569,2025-10-06 08:00:00+00:00,2025-10-07 08:00:00+00:00,1 days 00:00:00,
395,3,9089,9112,3975.71,4026.53,,,147.6586560000005,4.801344,0.012380065950484414,2025-10-07 08:00:00+00:00,2025-10-08 08:00:00+00:00,1 days 00:00:00,
396,3,9112,9135,4026.53,4039.02,,,32.63066999999934,4.83933,0.0027013060873754017,2025-10-08 08:00:00+00:00,2025-10-09 08:00:00+00:00,1 days 00:00:00,
397,3,9135,9158,4039.02,3966.45,,,-222.5132820000005,4.803281999999999,-0.018363636228590115,2025-10-09 08:00:00+00:00,2025-10-10 08:00:00+00:00,1 days 00:00:00,
